entity,code,disaster_type,total_people_affected,years_recorded,impact_share,historical_impact_score
Afghanistan,AFG,Drought,31058000.0,15,80.55554640551156,80.55554640551156
Afghanistan,AFG,Earthquake,4092008.0,28,10.61349540652085,10.61349540652085
Afghanistan,AFG,Flood,2329914.0,38,6.043128834691578,6.043128834691578
Afghanistan,AFG,Extreme temperature,698374.0,8,1.8113819037092769,1.8113819037092769
Afghanistan,AFG,Landslide,337270.0,20,0.8747816709442617,0.8747816709442617
Afghanistan,AFG,Extreme weather,39197.0,7,0.10166577862247526,0.10166577862247526
Afghanistan,AFG,Wildfire,0.0,1,0.0,0.0
Albania,ALB,Drought,3200000.0,3,72.87281962246414,72.87281962246414
Albania,ALB,Extreme weather,525840.0,3,11.97482608446142,11.97482608446142
Albania,ALB,Extreme temperature,237235.0,7,5.402494800979775,5.402494800979775
Albania,ALB,Earthquake,219566.0,13,5.000122972883113,5.000122972883113
Albania,ALB,Flood,208470.0,14,4.747436470842219,4.747436470842219
Albania,ALB,Wildfire,75.0,1,0.0017079567099015033,0.0017079567099015033
Albania,ALB,Landslide,26.0,1,0.0005920916594325212,0.0005920916594325212
Algeria,DZA,Earthquake,1387704.0,19,54.379417310763934,54.379417310763934
Algeria,DZA,Flood,824058.0,37,32.292040572249924,32.292040572249924
Algeria,DZA,Extreme temperature,250025.0,3,9.797632501688943,9.797632501688943
Algeria,DZA,Wildfire,79297.0,5,3.107380719873725,3.107380719873725
Algeria,DZA,Extreme weather,10112.0,3,0.39625501392692164,0.39625501392692164
Algeria,DZA,Landslide,696.0,1,0.02727388149655236,0.02727388149655236
American Samoa,ASM,Extreme weather,23060.0,4,90.20850447912999,90.20850447912999
American Samoa,ASM,Earthquake,2500.0,1,9.779759809099088,9.779759809099088
American Samoa,ASM,Flood,3.0,1,0.011735711770918906,0.011735711770918906
Angola,AGO,Drought,10307216.0,19,87.64068598933096,87.64068598933096
Angola,AGO,Flood,1453550.0,22,12.359314010669033,12.359314010669033
Angola,AGO,Landslide,0.0,1,0.0,0.0
Anguilla,AIA,Extreme weather,16400.0,5,100.0,100.0
Anguilla,AIA,Drought,0.0,5,0.0,0.0
Antigua and Barbuda,ATG,Drought,75000.0,1,58.909467929685654,58.909467929685654
Antigua and Barbuda,ATG,Extreme weather,52314.0,11,41.09053207031434,41.09053207031434
Argentina,ARG,Flood,15161092.0,42,92.38906082619731,92.38906082619731
Argentina,ARG,Extreme weather,560974.0,23,3.4184781022313704,3.4184781022313704
Argentina,ARG,Wildfire,280344.0,9,1.7083676339579932,1.7083676339579932
Argentina,ARG,Earthquake,242879.0,6,1.4800624324689788,1.4800624324689788
Argentina,ARG,Volcanic activity,66200.0,4,0.4034112995748764,0.4034112995748764
Argentina,ARG,Drought,35032.0,6,0.21347892215569592,0.21347892215569592
Argentina,ARG,Landslide,35030.0,5,0.21346673450314077,0.21346673450314077
Argentina,ARG,Extreme temperature,28500.0,8,0.1736740489106341,0.1736740489106341
Armenia,ARM,Drought,297000.0,1,64.7398743130925,64.7398743130925
Armenia,ARM,Extreme weather,126436.0,6,27.56044023114533,27.56044023114533
Armenia,ARM,Earthquake,15000.0,2,3.2696906218733583,3.2696906218733583
Armenia,ARM,Extreme temperature,12000.0,2,2.6157524974986868,2.6157524974986868
Armenia,ARM,Flood,7573.0,4,1.6507578052964629,1.6507578052964629
Armenia,ARM,Landslide,750.0,1,0.16348453109366792,0.16348453109366792
Australia,AUS,Drought,7080000.0,17,42.50588268208277,42.50588268208277
Australia,AUS,Extreme temperature,4602784.0,7,27.633530609458713,27.633530609458713
Australia,AUS,Extreme weather,4244261.0,41,25.481081940415155,25.481081940415155
Australia,AUS,Flood,616524.0,39,3.7013978551819773,3.7013978551819773
Australia,AUS,Wildfire,101418.0,28,0.6088787584535976,0.6088787584535976
Australia,AUS,Earthquake,11430.0,3,0.06862178517743024,0.06862178517743024
Australia,AUS,Landslide,101.0,2,0.0006063692303517459,0.0006063692303517459
Austria,AUT,Flood,62096.0,15,82.42211869018702,82.42211869018702
Austria,AUT,Landslide,10380.0,8,13.777724684426392,13.777724684426392
Austria,AUT,Extreme weather,2863.0,15,3.800156625386586,3.800156625386586
Austria,AUT,Earthquake,0.0,1,0.0,0.0
Austria,AUT,Extreme temperature,0.0,10,0.0,0.0
Azerbaijan,AZE,Flood,1840300.0,5,71.46044047403166,71.46044047403166
Azerbaijan,AZE,Earthquake,734971.0,4,28.539559525968333,28.539559525968333
Azerbaijan,AZE,Drought,0.0,1,0.0,0.0
Azerbaijan,AZE,Extreme temperature,0.0,1,0.0,0.0
Azerbaijan,AZE,Landslide,0.0,1,0.0,0.0
Bahamas,BHS,Extreme weather,57653.0,24,98.29505737131944,98.29505737131944
Bahamas,BHS,Flood,1000.0,2,1.7049426286805451,1.7049426286805451
Bangladesh,BGD,Flood,364964391.0,56,69.97428267066344,69.97428267066344
Bangladesh,BGD,Extreme weather,98011842.0,75,18.791719154815855,18.791719154815855
Bangladesh,BGD,Extreme temperature,33418700.0,25,6.407336216771078,6.407336216771078
Bangladesh,BGD,Drought,25000000.0,6,4.793226708976619,4.793226708976619
Bangladesh,BGD,Landslide,154486.0,6,0.02961945685451848,0.02961945685451848
Bangladesh,BGD,Earthquake,19902.0,10,0.0038157919184821074,0.0038157919184821074
Barbados,BRB,Extreme weather,16596.0,11,98.16052522623765,98.16052522623765
Barbados,BRB,Flood,310.0,2,1.833560063878867,1.833560063878867
Barbados,BRB,Earthquake,1.0,1,0.005914709883480215,0.005914709883480215
Barbados,BRB,Drought,0.0,1,0.0,0.0
Belarus,BLR,Extreme temperature,95314.0,6,45.57774334844398,45.57774334844398
Belarus,BLR,Flood,92420.0,5,44.19387540406648,44.19387540406648
Belarus,BLR,Extreme weather,21390.0,2,10.228381247489528,10.228381247489528
Belgium,BEL,Flood,118575.0,15,97.6062494340772,97.6062494340772
Belgium,BEL,Extreme weather,1878.0,22,1.5458953104549609,1.5458953104549609
Belgium,BEL,Earthquake,1030.0,2,0.8478552554678432,0.8478552554678432
Belgium,BEL,Drought,0.0,1,0.0,0.0
Belgium,BEL,Extreme temperature,0.0,14,0.0,0.0
Belize,BLZ,Extreme weather,501237.0,16,86.47429339396898,86.47429339396898
Belize,BLZ,Flood,77600.0,5,13.38768919168376,13.38768919168376
Belize,BLZ,Wildfire,800.0,1,0.13801741434725526,0.13801741434725526
Belize,BLZ,Extreme temperature,0.0,1,0.0,0.0
Benin,BEN,Flood,3336449.0,22,59.96950522469721,59.96950522469721
Benin,BEN,Drought,2215000.0,7,39.812523456136844,39.812523456136844
Benin,BEN,Wildfire,9959.0,3,0.17900357611723106,0.17900357611723106
Benin,BEN,Extreme weather,2168.0,2,0.03896774304871543,0.03896774304871543
Bermuda,BMU,Extreme weather,40.0,7,100.0,100.0
Bhutan,BTN,Extreme weather,65000.0,2,74.60117066452428,74.60117066452428
Bhutan,BTN,Earthquake,20530.0,3,23.562492826810512,23.562492826810512
Bhutan,BTN,Flood,1600.0,4,1.836336508665213,1.836336508665213
Bhutan,BTN,Wildfire,0.0,1,0.0,0.0
Bolivia,BOL,Flood,7886742.0,40,52.12641005163836,52.12641005163836
Bolivia,BOL,Drought,6687744.0,16,44.20178649997479,44.20178649997479
Bolivia,BOL,Wildfire,210935.0,8,1.3941478375027783,1.3941478375027783
Bolivia,BOL,Landslide,182053.0,9,1.20325596160378,1.20325596160378
Bolivia,BOL,Extreme weather,98740.0,3,0.6526093700667236,0.6526093700667236
Bolivia,BOL,Extreme temperature,42767.0,4,0.2826630031359486,0.2826630031359486
Bolivia,BOL,Earthquake,18050.0,2,0.11929916072214261,0.11929916072214261
Bolivia,BOL,Volcanic activity,3000.0,1,0.019828115355480763,0.019828115355480763
Bosnia and Herzegovina,BIH,Flood,1616099.0,14,94.9760400003291,94.9760400003291
Bosnia and Herzegovina,BIH,Drought,62575.0,2,3.677451507005817,3.677451507005817
Bosnia and Herzegovina,BIH,Extreme temperature,20347.0,4,1.1957667728813002,1.1957667728813002
Bosnia and Herzegovina,BIH,Extreme weather,1110.0,3,0.06523325885379874,0.06523325885379874
Bosnia and Herzegovina,BIH,Earthquake,1052.0,1,0.061824674156933594,0.061824674156933594
Bosnia and Herzegovina,BIH,Landslide,403.0,1,0.02368378677304585,0.02368378677304585
Botswana,BWA,Drought,1419900.0,14,74.95933697492434,74.95933697492434
Botswana,BWA,Flood,368927.0,11,19.47638799362484,19.47638799362484
Botswana,BWA,Extreme weather,105400.0,2,5.564275031450824,5.564275031450824
Brazil,BRA,Drought,80165000.0,27,66.77384021423603,66.77384021423603
Brazil,BRA,Flood,24980464.0,59,20.807603213540517,20.807603213540517
Brazil,BRA,Wildfire,10014195.0,3,8.341374125917813,8.341374125917813
Brazil,BRA,Landslide,4242314.0,19,3.533656797537785,3.533656797537785
Brazil,BRA,Extreme weather,628641.0,22,0.5236296848514633,0.5236296848514633
Brazil,BRA,Earthquake,23286.0,2,0.019396190896634444,0.019396190896634444
Brazil,BRA,Extreme temperature,600.0,6,0.0004997730197535287,0.0004997730197535287
British Virgin Islands,VGB,Extreme weather,3.0,2,100.0,100.0
Brunei,BRN,Wildfire,0.0,1,,
Bulgaria,BGR,Flood,76719.0,16,87.50285140745471,87.50285140745471
Bulgaria,BGR,Extreme weather,5926.0,6,6.758976230667457,6.758976230667457
Bulgaria,BGR,Earthquake,3962.0,6,4.5189105342397005,4.5189105342397005
Bulgaria,BGR,Wildfire,676.0,4,0.7710205757561933,0.7710205757561933
Bulgaria,BGR,Extreme temperature,393.0,10,0.4482412518819289,0.4482412518819289
Bulgaria,BGR,Drought,0.0,2,0.0,0.0
Bulgaria,BGR,Landslide,0.0,1,0.0,0.0
Burkina Faso,BFA,Drought,18814218.0,37,95.97959138593404,95.97959138593404
Burkina Faso,BFA,Flood,788093.0,19,4.020408614065964,4.020408614065964
Burundi,BDI,Drought,3062500.0,11,84.66395115394546,84.66395115394546
Burundi,BDI,Flood,485850.0,20,13.431503891638988,13.431503891638988
Burundi,BDI,Extreme weather,55020.0,7,1.5210483567314546,1.5210483567314546
Burundi,BDI,Landslide,13752.0,3,0.38017915306744754,0.38017915306744754
Burundi,BDI,Earthquake,120.0,1,0.0033174446166443937,0.0033174446166443937
Cambodia,KHM,Flood,13986399.0,22,58.28941087990452,58.28941087990452
Cambodia,KHM,Drought,9050000.0,8,37.71658226417936,37.71658226417936
Cambodia,KHM,Extreme weather,958352.0,7,3.994006855916113,3.994006855916113
Cambodia,KHM,Extreme temperature,0.0,1,0.0,0.0
Cameroon,CMR,Drought,2988027.0,6,71.74384222259839,71.74384222259839
Cameroon,CMR,Flood,1161031.0,19,27.876864860841494,27.876864860841494
Cameroon,CMR,Volcanic activity,13447.0,3,0.32286838317300365,0.32286838317300365
Cameroon,CMR,Landslide,2350.0,5,0.05642453338711671,0.05642453338711671
Canada,CAN,Flood,362173.0,33,47.88393296278472,47.88393296278472
Canada,CAN,Wildfire,253827.0,24,33.55919699189271,33.55919699189271
Canada,CAN,Extreme weather,81565.0,42,10.78394301096309,10.78394301096309
Canada,CAN,Drought,55000.0,18,7.271708031667627,7.271708031667627
Canada,CAN,Landslide,3591.0,8,0.4747764280312446,0.4747764280312446
Canada,CAN,Extreme temperature,200.0,9,0.026442574660609557,0.026442574660609557
Canada,CAN,Earthquake,0.0,1,0.0,0.0
Cape Verde,CPV,Drought,156093.0,26,49.276291074624886,49.276291074624886
Cape Verde,CPV,Flood,144150.0,3,45.50605958247441,45.50605958247441
Cape Verde,CPV,Volcanic activity,8806.0,3,2.779926192738603,2.779926192738603
Cape Verde,CPV,Extreme weather,7722.0,3,2.4377231501621046,2.4377231501621046
Cayman Islands,CYM,Extreme weather,1300.0,6,100.0,100.0
Central African Republic,CAF,Drought,2221692.0,3,83.69004474007474,83.69004474007474
Central African Republic,CAF,Flood,358978.0,20,13.522524670702577,13.522524670702577
Central African Republic,CAF,Extreme weather,43162.0,9,1.6258913076480026,1.6258913076480026
Central African Republic,CAF,Wildfire,30835.0,3,1.161539281574676,1.161539281574676
Chad,TCD,Drought,11878162.0,35,70.73431255171535,70.73431255171535
Chad,TCD,Flood,4913001.0,19,29.256862156021278,29.256862156021278
Chad,TCD,Extreme weather,1445.0,3,0.00860495770618625,0.00860495770618625
Chad,TCD,Landslide,37.0,1,0.0002203345571826237,0.0002203345571826237
Chile,CHL,Earthquake,9922288.0,25,78.30766901993243,78.30766901993243
Chile,CHL,Flood,1718343.0,27,13.561331308536678,13.561331308536678
Chile,CHL,Extreme weather,531820.0,14,4.197175544408757,4.197175544408757
Chile,CHL,Wildfire,148193.0,16,1.1695536750264504,1.1695536750264504
Chile,CHL,Drought,120000.0,6,0.9470517568520378,0.9470517568520378
Chile,CHL,Volcanic activity,86650.0,8,0.683850289426909,0.683850289426909
Chile,CHL,Landslide,82983.0,5,0.6549099661571055,0.6549099661571055
Chile,CHL,Extreme temperature,60625.0,8,0.4784584396596233,0.4784584396596233
China,CHN,Flood,2125867155.0,65,63.71926948005224,63.71926948005224
China,CHN,Drought,536100000.0,37,16.068690034517235,16.068690034517235
China,CHN,Extreme weather,511731007.0,55,15.33827071914637,15.33827071914637
China,CHN,Extreme temperature,81220002.0,11,2.4344320774871666,2.4344320774871666
China,CHN,Earthquake,78806116.0,81,2.3620799306625804,2.3620799306625804
China,CHN,Landslide,2514836.0,41,0.07537795219482409,0.07537795219482409
China,CHN,Wildfire,62716.0,9,0.001879805939572436,0.001879805939572436
Colombia,COL,Flood,19089422.0,48,83.76114459537557,83.76114459537557
Colombia,COL,Earthquake,1462316.0,25,6.416394478582496,6.416394478582496
Colombia,COL,Drought,1243043.0,4,5.454261761370744,5.454261761370744
Colombia,COL,Extreme weather,705276.0,13,3.0946314150134087,3.0946314150134087
Colombia,COL,Wildfire,119200.0,4,0.5230293738473992,0.5230293738473992
Colombia,COL,Landslide,113751.0,36,0.49912008644727773,0.49912008644727773
Colombia,COL,Volcanic activity,57299.0,9,0.2514182893631051,0.2514182893631051
Comoros,COM,Extreme weather,534329.0,9,58.00572318127243,58.00572318127243
Comoros,COM,Volcanic activity,309200.0,5,33.566154200220154,33.566154200220154
Comoros,COM,Flood,67637.0,2,7.342541952264847,7.342541952264847
Comoros,COM,Earthquake,10000.0,1,1.0855806662425667,1.0855806662425667
Congo,COG,Flood,2503445.0,15,97.57478364309023,97.57478364309023
Congo,COG,Extreme weather,61555.0,1,2.3991802524722603,2.3991802524722603
Congo,COG,Landslide,668.0,1,0.026036104437518807,0.026036104437518807
Congo,COG,Drought,0.0,1,0.0,0.0
Cook Islands,COK,Extreme weather,6454.0,11,100.0,100.0
Costa Rica,CRI,Flood,2466591.0,24,53.909172351526855,53.909172351526855
Costa Rica,CRI,Extreme weather,1314254.0,11,28.723994127799696,28.723994127799696
Costa Rica,CRI,Volcanic activity,628719.0,8,13.741119193121037,13.741119193121037
Costa Rica,CRI,Earthquake,164493.0,12,3.595116291115838,3.595116291115838
Costa Rica,CRI,Wildfire,1200.0,2,0.02622688837421049,0.02622688837421049
Costa Rica,CRI,Landslide,200.0,1,0.004371148062368415,0.004371148062368415
Costa Rica,CRI,Drought,0.0,5,0.0,0.0
Cote d'Ivoire,CIV,Flood,86222.0,14,89.59526159921026,89.59526159921026
Cote d'Ivoire,CIV,Landslide,10013.0,2,10.404738400789732,10.404738400789732
Cote d'Ivoire,CIV,Drought,0.0,1,0.0,0.0
Croatia,HRV,Earthquake,230349.0,2,88.44473284084103,88.44473284084103
Croatia,HRV,Flood,15689.0,13,6.0239437268664275,6.0239437268664275
Croatia,HRV,Extreme weather,14100.0,3,5.413831764218028,5.413831764218028
Croatia,HRV,Extreme temperature,200.0,7,0.0767919399179862,0.0767919399179862
Croatia,HRV,Wildfire,106.0,5,0.040699728156532694,0.040699728156532694
Croatia,HRV,Drought,0.0,1,0.0,0.0
Cuba,CUB,Extreme weather,32128092.0,44,94.04428399407342,94.04428399407342
Cuba,CUB,Flood,1102751.0,23,3.2279361070912165,3.2279361070912165
Cuba,CUB,Drought,920000.0,5,2.692993448678731,2.692993448678731
Cuba,CUB,Earthquake,11884.0,3,0.034786450156628304,0.034786450156628304
Cuba,CUB,Wildfire,0.0,2,0.0,0.0
Cyprus,CYP,Earthquake,4465.0,2,47.89230934248632,47.89230934248632
Cyprus,CYP,Extreme weather,3140.0,4,33.680145875791055,33.680145875791055
Cyprus,CYP,Wildfire,749.0,3,8.03389466909793,8.03389466909793
Cyprus,CYP,Extreme temperature,500.0,6,5.363080553469913,5.363080553469913
Cyprus,CYP,Flood,469.0,1,5.030569559154778,5.030569559154778
Cyprus,CYP,Drought,0.0,1,0.0,0.0
Czechia,CZE,Flood,1628036.0,14,86.48385050736425,86.48385050736425
Czechia,CZE,Extreme weather,254438.0,10,13.516149492635755,13.516149492635755
Czechia,CZE,Extreme temperature,0.0,9,0.0,0.0
Democratic Republic of Congo,COD,Drought,26772806.0,4,84.68324747124274,84.68324747124274
Democratic Republic of Congo,COD,Flood,4194265.0,25,13.266595251725647,13.266595251725647
Democratic Republic of Congo,COD,Volcanic activity,458804.0,3,1.4512118256411395,1.4512118256411395
Democratic Republic of Congo,COD,Extreme weather,103563.0,5,0.32757310376298665,0.32757310376298665
Democratic Republic of Congo,COD,Wildfire,59898.0,3,0.1894593027354883,0.1894593027354883
Democratic Republic of Congo,COD,Earthquake,23161.0,5,0.07325898879189029,0.07325898879189029
Democratic Republic of Congo,COD,Landslide,2736.0,9,0.00865405610010845,0.00865405610010845
Denmark,DNK,Extreme weather,243.0,13,100.0,100.0
Denmark,DNK,Drought,0.0,1,0.0,0.0
Denmark,DNK,Extreme temperature,0.0,3,0.0,0.0
Djibouti,DJI,Drought,1380176.0,14,56.213234410656995,56.213234410656995
Djibouti,DJI,Flood,1049300.0,9,42.736974753294064,42.736974753294064
Djibouti,DJI,Extreme weather,25775.0,2,1.0497908360489416,1.0497908360489416
Dominica,DMA,Extreme weather,196283.0,13,99.94907909544105,99.94907909544105
Dominica,DMA,Earthquake,100.0,1,0.05092090455894859,0.05092090455894859
Dominican Republic,DOM,Extreme weather,5956914.0,33,54.71041726364979,54.71041726364979
Dominican Republic,DOM,Flood,4689151.0,24,43.06683088294722,43.06683088294722
Dominican Republic,DOM,Drought,240000.0,1,2.2042453765953223,2.2042453765953223
Dominican Republic,DOM,Earthquake,2015.0,2,0.018506476807664898,0.018506476807664898
Dominican Republic,DOM,Wildfire,0.0,3,0.0,0.0
East Timor,TLS,Extreme weather,152400.0,2,52.90950183829273,52.90950183829273
East Timor,TLS,Drought,120000.0,2,41.661025069521834,41.661025069521834
East Timor,TLS,Flood,13636.0,5,4.734081148733331,4.734081148733331
East Timor,TLS,Earthquake,2003.0,1,0.695391943452102,0.695391943452102
Ecuador,ECU,Flood,2276894.0,33,38.82000115936889,38.82000115936889
Ecuador,ECU,Volcanic activity,1631416.0,12,27.814896526326198,27.814896526326198
Ecuador,ECU,Earthquake,926418.0,17,15.795003120066289,15.795003120066289
Ecuador,ECU,Drought,744665.0,5,12.696197611018095,12.696197611018095
Ecuador,ECU,Extreme weather,189298.0,1,3.227444307669225,3.227444307669225
Ecuador,ECU,Landslide,93824.0,15,1.5996562812219748,1.5996562812219748
Ecuador,ECU,Wildfire,2745.0,3,0.046800994329322144,0.046800994329322144
Egypt,EGY,Flood,267133.0,13,65.20082595409413,65.20082595409413
Egypt,EGY,Earthquake,93547.0,6,22.832602731701602,22.832602731701602
Egypt,EGY,Extreme weather,47860.0,7,11.681490232067716,11.681490232067716
Egypt,EGY,Landslide,997.0,2,0.24334404014566471,0.24334404014566471
Egypt,EGY,Extreme temperature,171.0,4,0.04173704199088131,0.04173704199088131
El Salvador,SLV,Earthquake,2552651.0,10,51.06438693253118,51.06438693253118
El Salvador,SLV,Drought,1486610.0,8,29.738819861301124,29.738819861301124
El Salvador,SLV,Extreme weather,457281.0,18,9.14765626828532,9.14765626828532
El Salvador,SLV,Flood,436741.0,16,8.736764803845336,8.736764803845336
El Salvador,SLV,Volcanic activity,65079.0,2,1.301869796216638,1.301869796216638
El Salvador,SLV,Landslide,525.0,3,0.01050233782039882,0.01050233782039882
El Salvador,SLV,Extreme temperature,0.0,1,0.0,0.0
Equatorial Guinea,GNQ,Flood,23155.0,1,100.0,100.0
Eritrea,ERI,Drought,5600000.0,7,99.59649192699293,99.59649192699293
Eritrea,ERI,Extreme weather,15675.0,1,0.27878125195635967,0.27878125195635967
Eritrea,ERI,Flood,7013.0,2,0.12472682105071453,0.12472682105071453
Estonia,EST,Extreme weather,6600.0,3,100.0,100.0
Estonia,EST,Extreme temperature,0.0,6,0.0,0.0
Eswatini,SWZ,Drought,2354000.0,15,71.95161574780622,71.95161574780622
Eswatini,SWZ,Extreme weather,641243.0,5,19.600029709843035,19.600029709843035
Eswatini,SWZ,Flood,274900.0,3,8.402506019146955,8.402506019146955
Eswatini,SWZ,Wildfire,1500.0,1,0.04584852320378477,0.04584852320378477
Ethiopia,ETH,Drought,108041879.0,36,93.93949016106595,93.93949016106595
Ethiopia,ETH,Flood,6761409.0,33,5.878862160759373,5.878862160759373
Ethiopia,ETH,Earthquake,143546.0,3,0.12480936262373199,0.12480936262373199
Ethiopia,ETH,Extreme weather,38624.0,1,0.033582522828772825,0.033582522828772825
Ethiopia,ETH,Landslide,15742.0,7,0.013687243019121317,0.013687243019121317
Ethiopia,ETH,Volcanic activity,11000.0,3,0.00956420233835183,0.00956420233835183
Ethiopia,ETH,Wildfire,5.0,1,4.347364699250832e-06,4.347364699250832e-06
Fiji,FJI,Extreme weather,2155141.0,36,77.48345180395201,77.48345180395201
Fiji,FJI,Drought,361455.0,3,12.995335837329192,12.995335837329192
Fiji,FJI,Flood,264825.0,8,9.521212358718799,9.521212358718799
Fiji,FJI,Earthquake,0.0,1,0.0,0.0
Finland,FIN,Flood,400.0,1,100.0,100.0
Finland,FIN,Extreme temperature,0.0,3,0.0,0.0
Finland,FIN,Extreme weather,0.0,1,0.0,0.0
France,FRA,Extreme weather,4611564.0,37,94.91404444916452,94.91404444916452
France,FRA,Flood,215156.0,35,4.428286400775191,4.428286400775191
France,FRA,Wildfire,18810.0,14,0.3871426648505333,0.3871426648505333
France,FRA,Extreme temperature,10200.0,18,0.20993382145004993,0.20993382145004993
France,FRA,Earthquake,2606.0,4,0.053636033205767666,0.053636033205767666
France,FRA,Landslide,338.0,10,0.006956630553933028,0.006956630553933028
France,FRA,Drought,0.0,3,0.0,0.0
French Guiana,GUF,Flood,70139.0,2,99.99287180656934,99.99287180656934
French Guiana,GUF,Landslide,5.0,1,0.007128193430656933,0.007128193430656933
French Polynesia,PYF,Extreme weather,8461.0,3,60.539496279336,60.539496279336
French Polynesia,PYF,Flood,5004.0,1,35.80423583285632,35.80423583285632
French Polynesia,PYF,Landslide,511.0,2,3.65626788780767,3.65626788780767
Gabon,GAB,Flood,101245.0,3,93.24890628597744,93.24890628597744
Gabon,GAB,Extreme weather,7330.0,4,6.751093714022565,6.751093714022565
Gambia,GMB,Drought,1321100.0,27,86.51587455951298,86.51587455951298
Gambia,GMB,Flood,152047.0,11,9.957216848951836,9.957216848951836
Gambia,GMB,Extreme weather,48856.0,6,3.1994698111267628,3.1994698111267628
Gambia,GMB,Wildfire,5000.0,1,0.32743878040842095,0.32743878040842095
Georgia,GEO,Drought,696000.0,2,53.32630488548635,53.32630488548635
Georgia,GEO,Flood,541422.0,17,41.482808396134764,41.482808396134764
Georgia,GEO,Extreme weather,37538.0,4,2.8760960241255558,2.8760960241255558
Georgia,GEO,Earthquake,30212.0,4,2.3147906942533245,2.3147906942533245
Georgia,GEO,Landslide,0.0,1,0.0,0.0
Germany,DEU,Flood,550815.0,16,94.35011022629364,94.35011022629364
Germany,DEU,Extreme weather,31144.0,26,5.334712803550537,5.334712803550537
Germany,DEU,Earthquake,1675.0,2,0.28691381794076387,0.28691381794076387
Germany,DEU,Extreme temperature,165.0,12,0.028263152215060323,0.028263152215060323
Germany,DEU,Landslide,0.0,1,0.0,0.0
Ghana,GHA,Drought,12512000.0,5,71.15610587291515,71.15610587291515
Ghana,GHA,Flood,5062732.0,22,28.791903308679306,28.791903308679306
Ghana,GHA,Earthquake,7630.0,1,0.04339203067537904,0.04339203067537904
Ghana,GHA,Wildfire,1500.0,1,0.00853054338310204,0.00853054338310204
Ghana,GHA,Extreme weather,12.0,1,6.824434706481632e-05,6.824434706481632e-05
Greece,GRC,Earthquake,1282819.0,33,90.03830852894687,90.03830852894687
Greece,GRC,Wildfire,96184.0,14,6.750948237863819,6.750948237863819
Greece,GRC,Flood,44104.0,24,3.095564970085938,3.095564970085938
Greece,GRC,Extreme weather,1465.0,11,0.10282520136894384,0.10282520136894384
Greece,GRC,Extreme temperature,176.0,11,0.012353061734426019,0.012353061734426019
Greece,GRC,Drought,0.0,1,0.0,0.0
Grenada,GRD,Extreme weather,127012.0,8,55.949465226507854,55.949465226507854
Grenada,GRD,Drought,100000.0,2,44.05053477349215,44.05053477349215
Grenada,GRD,Flood,0.0,1,0.0,0.0
Guadeloupe,GLP,Extreme weather,117085.0,14,60.90532196565769,60.90532196565769
Guadeloupe,GLP,Volcanic activity,75003.0,1,39.015090433362296,39.015090433362296
Guadeloupe,GLP,Earthquake,153.0,1,0.07958760098001987,0.07958760098001987
Guadeloupe,GLP,Flood,0.0,1,0.0,0.0
Guam,GUM,Extreme weather,127908.0,8,99.94452214816494,99.94452214816494
Guam,GUM,Earthquake,71.0,1,0.05547785183506669,0.05547785183506669
Guatemala,GTM,Flood,9110818.0,26,32.680827661094305,32.680827661094305
Guatemala,GTM,Earthquake,6510412.0,17,23.353079007254923,23.353079007254923
Guatemala,GTM,Drought,5753081.0,11,20.63650581992924,20.63650581992924
Guatemala,GTM,Extreme weather,4565639.0,20,16.37710920378071,16.37710920378071
Guatemala,GTM,Volcanic activity,1743946.0,12,6.255596223769892,6.255596223769892
Guatemala,GTM,Landslide,181444.0,13,0.6508460704779302,0.6508460704779302
Guatemala,GTM,Extreme temperature,12634.0,5,0.04531860659166558,0.04531860659166558
Guatemala,GTM,Wildfire,200.0,3,0.0007174071013402814,0.0007174071013402814
Guinea,GIN,Flood,781154.0,17,94.81531651269802,94.81531651269802
Guinea,GIN,Earthquake,41436.0,1,5.029440360057242,5.029440360057242
Guinea,GIN,Wildfire,777.0,1,0.09431111014008295,0.09431111014008295
Guinea,GIN,Landslide,492.0,1,0.05971823190337299,0.05971823190337299
Guinea,GIN,Extreme weather,10.0,1,0.0012137852012880689,0.0012137852012880689
Guinea,GIN,Drought,0.0,4,0.0,0.0
Guinea-Bissau,GNB,Drought,132000.0,20,62.252405206564795,62.252405206564795
Guinea-Bissau,GNB,Flood,58542.0,4,27.60894170911149,27.60894170911149
Guinea-Bissau,GNB,Extreme weather,19998.0,4,9.431239388794568,9.431239388794568
Guinea-Bissau,GNB,Wildfire,1500.0,1,0.7074136955291455,0.7074136955291455
Guyana,GUY,Flood,706048.0,10,53.7634932625064,53.7634932625064
Guyana,GUY,Drought,607200.0,3,46.236506737493606,46.236506737493606
Haiti,HTI,Extreme weather,9537711.0,33,42.84735645184028,42.84735645184028
Haiti,HTI,Drought,6905217.0,15,31.0211007836479,31.0211007836479
Haiti,HTI,Earthquake,4443116.0,5,19.96032119330044,19.96032119330044
Haiti,HTI,Flood,1361438.0,34,6.116144562681813,6.116144562681813
Haiti,HTI,Landslide,12260.0,3,0.05507700852956876,0.05507700852956876
Honduras,HND,Extreme weather,8472830.0,24,60.6466756000566,60.6466756000566
Honduras,HND,Drought,3516925.0,20,25.1733847586614,25.1733847586614
Honduras,HND,Flood,1926030.0,28,13.786104124121104,13.786104124121104
Honduras,HND,Earthquake,52519.0,3,0.3759195871791801,0.3759195871791801
Honduras,HND,Wildfire,2503.0,2,0.017915929981711147,0.017915929981711147
Honduras,HND,Landslide,0.0,2,0.0,0.0
Hong Kong,HKG,Extreme weather,148112.0,44,67.6038851968159,67.6038851968159
Hong Kong,HKG,Flood,57682.0,20,26.328233403929012,26.328233403929012
Hong Kong,HKG,Wildfire,9000.0,4,4.107938362667056,4.107938362667056
Hong Kong,HKG,Landslide,4287.0,6,1.9567479734170743,1.9567479734170743
Hong Kong,HKG,Extreme temperature,7.0,1,0.003195063170963266,0.003195063170963266
Hong Kong,HKG,Drought,0.0,7,0.0,0.0
Hungary,HUN,Flood,241865.0,14,59.02558308095167,59.02558308095167
Hungary,HUN,Extreme weather,165598.0,7,40.4131168504721,40.4131168504721
Hungary,HUN,Earthquake,1800.0,1,0.4392783145379158,0.4392783145379158
Hungary,HUN,Extreme temperature,500.0,11,0.12202175403830996,0.12202175403830996
Hungary,HUN,Drought,0.0,3,0.0,0.0
Iceland,ISL,Volcanic activity,5200.0,5,55.125622813526974,55.125622813526974
Iceland,ISL,Earthquake,3870.0,3,41.02618467083642,41.02618467083642
Iceland,ISL,Flood,280.0,1,2.968302766882222,2.968302766882222
Iceland,ISL,Landslide,83.0,3,0.879889748754373,0.879889748754373
Iceland,ISL,Extreme temperature,0.0,1,0.0,0.0
India,IND,Drought,1400041000.0,22,55.56709776061355,55.56709776061355
India,IND,Flood,925014231.0,69,36.713464965622975,36.713464965622975
India,IND,Extreme weather,161887814.0,77,6.4252661077711455,6.4252661077711455
India,IND,Earthquake,28568813.0,25,1.133885382553573,1.133885382553573
India,IND,Landslide,4011991.0,37,0.15923440535791572,0.15923440535791572
India,IND,Extreme temperature,26490.0,44,0.0010513780808409558,0.0010513780808409558
India,IND,Wildfire,0.0,4,0.0,0.0
Indonesia,IDN,Drought,23554220.0,12,37.73762715181693,37.73762715181693
Indonesia,IDN,Earthquake,14720902.0,62,23.585239121246047,23.585239121246047
Indonesia,IDN,Flood,14304222.0,54,22.917651127178782,22.917651127178782
Indonesia,IDN,Extreme weather,3747935.0,14,6.004791227187526,6.004791227187526
Indonesia,IDN,Wildfire,3444142.0,11,5.518066259630463,5.518066259630463
Indonesia,IDN,Volcanic activity,1615214.0,43,2.587831127602392,2.587831127602392
Indonesia,IDN,Landslide,1029107.0,38,1.6487939853378657,1.6487939853378657
Iran,IRN,Drought,42525000.0,6,69.42375087000082,69.42375087000082
Iran,IRN,Flood,14872434.0,45,24.279838985221154,24.279838985221154
Iran,IRN,Earthquake,3591822.0,69,5.8637920211026,5.8637920211026
Iran,IRN,Extreme weather,214853.0,16,0.3507560528082842,0.3507560528082842
Iran,IRN,Wildfire,50000.0,2,0.08162698514991278,0.08162698514991278
Iran,IRN,Landslide,144.0,5,0.00023508571723174877,0.00023508571723174877
Iran,IRN,Extreme temperature,0.0,1,0.0,0.0
Iraq,IRQ,Drought,7500000.0,10,91.88231957528316,91.88231957528316
Iraq,IRQ,Flood,647845.0,16,7.9367335100332435,7.9367335100332435
Iraq,IRQ,Extreme weather,8301.0,3,0.10169535130592341,0.10169535130592341
Iraq,IRQ,Earthquake,6469.0,2,0.07925156337766757,0.07925156337766757
Ireland,IRL,Flood,11800.0,6,70.65868263473054,70.65868263473054
Ireland,IRL,Extreme weather,4900.0,18,29.34131736526946,29.34131736526946
Ireland,IRL,Extreme temperature,0.0,3,0.0,0.0
Israel,ISR,Extreme weather,2003610.0,5,96.09336107346242,96.09336107346242
Israel,ISR,Wildfire,80443.0,6,3.858055332541032,3.858055332541032
Israel,ISR,Flood,1000.0,5,0.04796011253360805,0.04796011253360805
Israel,ISR,Landslide,13.0,1,0.0006234814629369046,0.0006234814629369046
Israel,ISR,Drought,0.0,1,0.0,0.0
Israel,ISR,Earthquake,0.0,1,0.0,0.0
Israel,ISR,Extreme temperature,0.0,2,0.0,0.0
Italy,ITA,Flood,2960649.0,33,69.82784605203015,69.82784605203015
Italy,ITA,Earthquake,1155566.0,28,27.25439076059346,27.25439076059346
Italy,ITA,Extreme weather,63411.0,24,1.4955685547342101,1.4955685547342101
Italy,ITA,Landslide,27028.0,15,0.6374639557388502,0.6374639557388502
Italy,ITA,Volcanic activity,21352.0,6,0.5035936947956167,0.5035936947956167
Italy,ITA,Wildfire,11920.0,7,0.2811369821077066,0.2811369821077066
Italy,ITA,Drought,0.0,7,0.0,0.0
Italy,ITA,Extreme temperature,0.0,14,0.0,0.0
Jamaica,JAM,Extreme weather,3770105.0,28,76.0813236247927,76.0813236247927
Jamaica,JAM,Flood,903712.0,12,18.237053115392982,18.237053115392982
Jamaica,JAM,Drought,191545.0,3,3.865408823815495,3.865408823815495
Jamaica,JAM,Earthquake,90000.0,1,1.8162144359988233,1.8162144359988233
Jamaica,JAM,Landslide,0.0,2,0.0,0.0
Japan,JPN,Extreme weather,9932578.0,80,44.43848207658982,44.43848207658982
Japan,JPN,Flood,9431378.0,52,42.196106812404956,42.196106812404956
Japan,JPN,Earthquake,2605832.0,53,11.658525976499174,11.658525976499174
Japan,JPN,Extreme temperature,251514.0,14,1.1252768798806727,1.1252768798806727
Japan,JPN,Volcanic activity,100048.0,14,0.44761604236067,0.44761604236067
Japan,JPN,Landslide,26673.0,18,0.11933534601277537,0.11933534601277537
Japan,JPN,Wildfire,3276.0,2,0.014656866251934618,0.014656866251934618
Japan,JPN,Drought,0.0,1,0.0,0.0
Jordan,JOR,Drought,330000.0,2,92.5414403374117,92.5414403374117
Jordan,JOR,Flood,24385.0,7,6.838251583720559,6.838251583720559
Jordan,JOR,Extreme temperature,2012.0,3,0.5642223574511284,0.5642223574511284
Jordan,JOR,Extreme weather,200.0,2,0.05608572141661315,0.05608572141661315
Jordan,JOR,Earthquake,0.0,1,0.0,0.0
Kazakhstan,KAZ,Extreme temperature,605012.0,4,58.99379066102938,58.99379066102938
Kazakhstan,KAZ,Flood,304547.0,14,29.695910104997115,29.695910104997115
Kazakhstan,KAZ,Drought,71000.0,1,6.923100925160304,6.923100925160304
Kazakhstan,KAZ,Earthquake,36693.0,3,3.5778780598155917,3.5778780598155917
Kazakhstan,KAZ,Wildfire,8300.0,2,0.809320248997613,0.809320248997613
Kazakhstan,KAZ,Extreme weather,0.0,1,0.0,0.0
Kazakhstan,KAZ,Landslide,0.0,1,0.0,0.0
Kenya,KEN,Drought,60375000.0,32,90.96399049376204,90.96399049376204
Kenya,KEN,Flood,5990945.0,30,9.02625696113708,9.02625696113708
Kenya,KEN,Landslide,6473.0,6,0.009752545100888143,0.009752545100888143
Kenya,KEN,Earthquake,0.0,2,0.0,0.0
Kenya,KEN,Extreme weather,0.0,1,0.0,0.0
Kiribati,KIR,Drought,84000.0,1,97.10421362926999,97.10421362926999
Kiribati,KIR,Extreme weather,2200.0,2,2.543205595052309,2.543205595052309
Kiribati,KIR,Flood,305.0,2,0.35258077567770646,0.35258077567770646
Kuwait,KWT,Flood,200.0,2,100.0,100.0
Kyrgyzstan,KGZ,Drought,2000000.0,1,83.46277017941992,83.46277017941992
Kyrgyzstan,KGZ,Earthquake,176063.0,7,7.347352853049605,7.347352853049605
Kyrgyzstan,KGZ,Flood,129024.0,5,5.384350229814737,5.384350229814737
Kyrgyzstan,KGZ,Landslide,68216.0,7,2.8467481652796547,2.8467481652796547
Kyrgyzstan,KGZ,Extreme temperature,13900.0,3,0.5800662527469684,0.5800662527469684
Kyrgyzstan,KGZ,Extreme weather,9075.0,2,0.37871231968911784,0.37871231968911784
Laos,LAO,Flood,5595745.0,28,45.67797373200909,45.67797373200909
Laos,LAO,Drought,4250000.0,5,34.69267959155369,34.69267959155369
Laos,LAO,Extreme weather,2404678.0,11,19.629346676437216,19.629346676437216
Laos,LAO,Earthquake,0.0,1,0.0,0.0
Laos,LAO,Extreme temperature,0.0,1,0.0,0.0
Latvia,LVA,Flood,200.0,1,100.0,100.0
Latvia,LVA,Extreme temperature,0.0,7,0.0,0.0
Latvia,LVA,Extreme weather,0.0,3,0.0,0.0
Latvia,LVA,Wildfire,0.0,1,0.0,0.0
Lebanon,LBN,Extreme temperature,3999200.0,2,77.87831066069403,77.87831066069403
Lebanon,LBN,Extreme weather,1117276.0,6,21.757243304095216,21.757243304095216
Lebanon,LBN,Flood,18500.0,3,0.36025923865344056,0.36025923865344056
Lebanon,LBN,Earthquake,200.0,1,0.003894694471929087,0.003894694471929087
Lebanon,LBN,Wildfire,15.0,2,0.00029210208539468154,0.00029210208539468154
Lebanon,LBN,Landslide,0.0,1,0.0,0.0
Lesotho,LSO,Drought,5343064.0,21,96.42982896408388,96.42982896408388
Lesotho,LSO,Flood,185000.0,4,3.3388180187165113,3.3388180187165113
Lesotho,LSO,Extreme weather,12819.0,7,0.2313530171996052,0.2313530171996052
Liberia,LBR,Extreme temperature,1000000.0,1,88.8303792790704,88.8303792790704
Liberia,LBR,Flood,120041.0,8,10.66328755903889,10.66328755903889
Liberia,LBR,Extreme weather,5500.0,2,0.4885670860348873,0.4885670860348873
Liberia,LBR,Landslide,200.0,1,0.017766075855814082,0.017766075855814082
Liberia,LBR,Drought,0.0,1,0.0,0.0
Libya,LBY,Extreme weather,1600000.0,1,98.11496621165851,98.11496621165851
Libya,LBY,Flood,25365.0,4,1.5554288237241987,1.5554288237241987
Libya,LBY,Earthquake,5375.0,1,0.32960496461729033,0.32960496461729033
Liechtenstein,LIE,Extreme temperature,0.0,1,,
Lithuania,LTU,Extreme weather,780000.0,3,100.0,100.0
Lithuania,LTU,Drought,0.0,3,0.0,0.0
Lithuania,LTU,Extreme temperature,0.0,8,0.0,0.0
Lithuania,LTU,Flood,0.0,2,0.0,0.0
Luxembourg,LUX,Extreme weather,1519.0,4,100.0,100.0
Luxembourg,LUX,Extreme temperature,0.0,4,0.0,0.0
Luxembourg,LUX,Flood,0.0,3,0.0,0.0
Macao,MAC,Extreme weather,4191.0,3,100.0,100.0
Madagascar,MDG,Extreme weather,11582886.0,42,55.793055293037085,55.793055293037085
Madagascar,MDG,Drought,8815290.0,27,42.461953125858,42.461953125858
Madagascar,MDG,Flood,362258.0,11,1.7449434125782666,1.7449434125782666
Madagascar,MDG,Landslide,10.0,1,4.816852664615458e-05,4.816852664615458e-05
Malawi,MWI,Drought,37056895.0,19,82.93858109516927,82.93858109516927
Malawi,MWI,Flood,4189009.0,33,9.375595625453617,9.375595625453617
Malawi,MWI,Extreme weather,3363075.0,8,7.527038318149333,7.527038318149333
Malawi,MWI,Earthquake,70836.0,2,0.1585410037850557,0.1585410037850557
Malawi,MWI,Landslide,109.0,1,0.00024395744272080676,0.00024395744272080676
Malaysia,MYS,Drought,2205000.0,2,50.82124129671838,50.82124129671838
Malaysia,MYS,Flood,2066907.0,35,47.63844870062417,47.63844870062417
Malaysia,MYS,Extreme weather,58372.0,7,1.3453684793524014,1.3453684793524014
Malaysia,MYS,Earthquake,5073.0,2,0.11692342725544323,0.11692342725544323
Malaysia,MYS,Wildfire,3000.0,4,0.06914454598192976,0.06914454598192976
Malaysia,MYS,Landslide,385.0,6,0.008873550067680987,0.008873550067680987
Maldives,MDV,Earthquake,27214.0,1,48.48214921969643,48.48214921969643
Maldives,MDV,Extreme weather,25169.0,2,44.83895104396779,44.83895104396779
Maldives,MDV,Flood,3749.0,3,6.67889973633578,6.67889973633578
Mali,MLI,Drought,15462753.0,27,95.26751388726561,95.26751388726561
Mali,MLI,Flood,768124.0,22,4.732486112734389,4.732486112734389
Malta,MLT,Extreme temperature,0.0,2,,
Marshall Islands,MHL,Drought,45788.0,5,63.3480907581627,63.3480907581627
Marshall Islands,MHL,Extreme weather,25532.0,3,35.32374100719424,35.32374100719424
Marshall Islands,MHL,Flood,960.0,2,1.3281682346430548,1.3281682346430548
Martinique,MTQ,Extreme weather,93171.0,16,99.89278553891349,99.89278553891349
Martinique,MTQ,Earthquake,100.0,1,0.10721446108651134,0.10721446108651134
Martinique,MTQ,Volcanic activity,0.0,1,0.0,0.0
Mauritania,MRT,Drought,13066281.0,43,97.93473531544598,97.93473531544598
Mauritania,MRT,Flood,273027.0,17,2.0463991995098123,2.0463991995098123
Mauritania,MRT,Extreme weather,2517.0,3,0.01886548504421247,0.01886548504421247
Mauritius,MUS,Extreme weather,1161902.0,18,99.99294310420798,99.99294310420798
Mauritius,MUS,Flood,82.0,1,0.0070568957920246755,0.0070568957920246755
Mauritius,MUS,Drought,0.0,1,0.0,0.0
Mayotte,MYT,Extreme weather,231373.0,1,100.0,100.0
Mexico,MEX,Extreme weather,9882688.0,51,44.59240966570881,44.59240966570881
Mexico,MEX,Flood,5210639.0,44,23.511310779832296,23.511310779832296
Mexico,MEX,Earthquake,4203011.0,31,18.964717730791506,18.964717730791506
Mexico,MEX,Drought,2565000.0,8,11.573726782889745,11.573726782889745
Mexico,MEX,Volcanic activity,161908.0,9,0.7305570978417595,0.7305570978417595
Mexico,MEX,Extreme temperature,138567.0,16,0.625238440204555,0.625238440204555
Mexico,MEX,Landslide,452.0,11,0.0020395027313318383,0.0020395027313318383
Mexico,MEX,Wildfire,0.0,5,0.0,0.0
Micronesia (country),FSM,Drought,242201.0,4,81.81498809262419,81.81498809262419
Micronesia (country),FSM,Extreme weather,53834.0,6,18.185011907375817,18.185011907375817
Micronesia (country),FSM,Flood,0.0,1,0.0,0.0
Moldova,MDA,Extreme weather,2625590.0,3,90.33277999019464,90.33277999019464
Moldova,MDA,Drought,216194.0,3,7.438101545633606,7.438101545633606
Moldova,MDA,Flood,51957.0,7,1.7875678418757472,1.7875678418757472
Moldova,MDA,Extreme temperature,12834.0,3,0.4415506222960013,0.4415506222960013
Mongolia,MNG,Extreme weather,2710991.0,14,45.326141985154514,45.326141985154514
Mongolia,MNG,Extreme temperature,2191875.0,9,36.64683411479807,36.64683411479807
Mongolia,MNG,Flood,623149.0,12,10.418677174474961,10.418677174474961
Mongolia,MNG,Drought,450000.0,3,7.5237298439277485,7.5237298439277485
Mongolia,MNG,Wildfire,5061.0,3,0.08461688164470742,0.08461688164470742
Mongolia,MNG,Earthquake,0.0,1,0.0,0.0
Mongolia,MNG,Landslide,0.0,1,0.0,0.0
Montenegro,MNE,Flood,8536.0,3,64.49078271381083,64.49078271381083
Montenegro,MNE,Extreme temperature,4500.0,4,33.998186763372615,33.998186763372615
Montenegro,MNE,Wildfire,200.0,1,1.5110305228165608,1.5110305228165608
Montserrat,MSR,Volcanic activity,13200.0,4,52.29793977812995,52.29793977812995
Montserrat,MSR,Extreme weather,12040.0,4,47.70206022187005,47.70206022187005
Morocco,MAR,Extreme temperature,2477500.0,6,54.80067154324442,54.80067154324442
Morocco,MAR,Earthquake,859139.0,5,19.003589969320473,19.003589969320473
Morocco,MAR,Flood,643075.0,25,14.224396307839315,14.224396307839315
Morocco,MAR,Drought,412000.0,5,9.113169193064259,9.113169193064259
Morocco,MAR,Extreme weather,117000.0,3,2.587963096088637,2.587963096088637
Morocco,MAR,Landslide,12216.0,3,0.27020989044289556,0.27020989044289556
Mozambique,MOZ,Drought,27620271.0,28,56.589208846982416,56.589208846982416
Mozambique,MOZ,Extreme weather,10943508.0,25,22.42137521860748,22.42137521860748
Mozambique,MOZ,Flood,10237293.0,32,20.974461532428528,20.974461532428528
Mozambique,MOZ,Wildfire,3023.0,1,0.006193609698631409,0.006193609698631409
Mozambique,MOZ,Landslide,2800.0,2,0.005736720858805142,0.005736720858805142
Mozambique,MOZ,Earthquake,1476.0,1,0.003024071424141568,0.003024071424141568
Myanmar,MMR,Extreme weather,6476210.0,22,46.62292106022095,46.62292106022095
Myanmar,MMR,Flood,5790174.0,29,41.684075304374595,41.684075304374595
Myanmar,MMR,Earthquake,1394879.0,9,10.041881517980416,10.041881517980416
Myanmar,MMR,Landslide,149181.0,10,1.0739698043585402,1.0739698043585402
Myanmar,MMR,Wildfire,78588.0,2,0.5657633276685969,0.5657633276685969
Myanmar,MMR,Extreme temperature,1582.0,2,0.011388985396901821,0.011388985396901821
Namibia,NAM,Drought,4354200.0,21,79.75100659499907,79.75100659499907
Namibia,NAM,Flood,1105543.0,16,20.24899340500093,20.24899340500093
Nepal,NPL,Flood,8344233.0,42,38.394475656723216,38.394475656723216
Nepal,NPL,Earthquake,6738830.0,10,31.007504750861596,31.007504750861596
Nepal,NPL,Drought,6103000.0,9,28.08184825771066,28.08184825771066
Nepal,NPL,Landslide,451193.0,23,2.076082805332008,2.076082805332008
Nepal,NPL,Wildfire,54000.0,3,0.24847121184931603,0.24847121184931603
Nepal,NPL,Extreme temperature,25200.0,9,0.11595323219634748,0.11595323219634748
Nepal,NPL,Extreme weather,16444.0,8,0.07566408532685467,0.07566408532685467
Netherlands,NLD,Flood,315000.0,6,61.15020626061636,61.15020626061636
Netherlands,NLD,Extreme weather,200105.0,21,38.84591118660519,38.84591118660519
Netherlands,NLD,Earthquake,20.0,1,0.003882552778451832,0.003882552778451832
Netherlands,NLD,Extreme temperature,0.0,10,0.0,0.0
Netherlands Antilles,ANT,Extreme weather,40000.0,4,100.0,100.0
New Caledonia,NCL,Extreme weather,3100.0,14,100.0,100.0
New Zealand,NZL,Earthquake,634076.0,9,91.45581944111903,91.45581944111903
New Zealand,NZL,Flood,40468.0,29,5.83689352876186,5.83689352876186
New Zealand,NZL,Extreme weather,17752.0,17,2.560456012715739,2.560456012715739
New Zealand,NZL,Landslide,600.0,1,0.08654087469746753,0.08654087469746753
New Zealand,NZL,Wildfire,325.0,2,0.04687630712779491,0.04687630712779491
New Zealand,NZL,Volcanic activity,93.0,3,0.013413835578107467,0.013413835578107467
New Zealand,NZL,Drought,0.0,2,0.0,0.0
New Zealand,NZL,Extreme temperature,0.0,1,0.0,0.0
Nicaragua,NIC,Extreme weather,2739004.0,22,46.789787917353536,46.789787917353536
Nicaragua,NIC,Drought,1313000.0,8,22.42968302911759,22.42968302911759
Nicaragua,NIC,Earthquake,748175.0,10,12.780904874569726,12.780904874569726
Nicaragua,NIC,Flood,710532.0,20,12.137857990894881,12.137857990894881
Nicaragua,NIC,Volcanic activity,321370.0,4,5.489891268139771,5.489891268139771
Nicaragua,NIC,Wildfire,16000.0,3,0.2733243933479676,0.2733243933479676
Nicaragua,NIC,Landslide,5769.0,1,0.09855052657652655,0.09855052657652655
Niger,NER,Drought,35474486.0,39,86.62691351490516,86.62691351490516
Niger,NER,Flood,5475144.0,28,13.370026722012318,13.370026722012318
Niger,NER,Extreme weather,1253.0,1,0.0030597630825201006,0.0030597630825201006
Nigeria,NGA,Drought,22110398.0,4,55.540847083401914,55.540847083401914
Nigeria,NGA,Flood,17678039.0,30,44.40685603368222,44.40685603368222
Nigeria,NGA,Extreme weather,19019.0,8,0.04777532139761667,0.04777532139761667
Nigeria,NGA,Landslide,1800.0,2,0.004521561518255956,0.004521561518255956
Nigeria,NGA,Extreme temperature,0.0,2,0.0,0.0
Niue,NIU,Extreme weather,6502.0,5,100.0,100.0
North Korea,PRK,Drought,31100000.0,3,61.10892219344798,61.10892219344798
North Korea,PRK,Flood,13691131.0,22,26.901937589045133,26.901937589045133
North Korea,PRK,Extreme weather,6087833.0,10,11.96208723870434,11.96208723870434
North Korea,PRK,Extreme temperature,13768.0,1,0.02705297880255279,0.02705297880255279
North Macedonia,MKD,Wildfire,1080000.0,3,79.33587061201013,79.33587061201013
North Macedonia,MKD,Flood,254876.0,9,18.722971627876568,18.722971627876568
North Macedonia,MKD,Extreme temperature,16322.0,7,1.199000074193731,1.199000074193731
North Macedonia,MKD,Drought,10000.0,1,0.7345913945556494,0.7345913945556494
North Macedonia,MKD,Earthquake,100.0,1,0.007345913945556493,0.007345913945556493
North Macedonia,MKD,Extreme weather,3.0,1,0.00022037741836669478,0.00022037741836669478
Northern Mariana Islands,MNP,Extreme weather,860.0,4,100.0,100.0
Northern Mariana Islands,MNP,Volcanic activity,0.0,1,0.0,0.0
Norway,NOR,Flood,6800.0,5,79.43925233644859,79.43925233644859
Norway,NOR,Landslide,1160.0,3,13.551401869158877,13.551401869158877
Norway,NOR,Extreme weather,600.0,7,7.009345794392523,7.009345794392523
Norway,NOR,Extreme temperature,0.0,3,0.0,0.0
Oman,OMN,Extreme weather,32886.0,9,95.10946582988691,95.10946582988691
Oman,OMN,Flood,1691.0,5,4.890534170113082,4.890534170113082
Pakistan,PAK,Flood,121538997.0,53,87.01863055329807,87.01863055329807
Pakistan,PAK,Earthquake,7500476.0,28,5.37013770171132,5.37013770171132
Pakistan,PAK,Drought,6880912.0,6,4.926546655619968,4.926546655619968
Pakistan,PAK,Extreme weather,3623040.0,30,2.593998527401218,2.593998527401218
Pakistan,PAK,Extreme temperature,88479.0,19,0.06334856797218148,0.06334856797218148
Pakistan,PAK,Landslide,34179.0,19,0.0244712384263067,0.0244712384263067
Pakistan,PAK,Wildfire,4004.0,1,0.0028667555709333808,0.0028667555709333808
Palau,PLW,Drought,14200.0,2,62.45052335297739,62.45052335297739
Palau,PLW,Extreme weather,8538.0,3,37.54947664702261,37.54947664702261
Palestine,PSE,Extreme weather,316141.0,3,86.8182929140086,86.8182929140086
Palestine,PSE,Extreme temperature,33500.0,2,9.199733070431508,9.199733070431508
Palestine,PSE,Flood,14500.0,3,3.981974015559907,3.981974015559907
Panama,PAN,Flood,255863.0,28,62.35922057981258,62.35922057981258
Panama,PAN,Drought,81000.0,5,19.741411876530872,19.741411876530872
Panama,PAN,Extreme weather,50495.0,9,12.306698675375635,12.306698675375635
Panama,PAN,Earthquake,21511.0,2,5.242685319457477,5.242685319457477
Panama,PAN,Wildfire,1436.0,1,0.34998354882343624,0.34998354882343624
Papua New Guinea,PNG,Drought,3060000.0,5,63.25162986634476,63.25162986634476
Papua New Guinea,PNG,Flood,645043.0,15,13.333340223489094,13.333340223489094
Papua New Guinea,PNG,Earthquake,618154.0,18,12.777532028889043,12.777532028889043
Papua New Guinea,PNG,Volcanic activity,250346.0,15,5.174768800823512,5.174768800823512
Papua New Guinea,PNG,Extreme weather,231225.0,7,4.7795287960279635,4.7795287960279635
Papua New Guinea,PNG,Landslide,25052.0,15,0.5178365462129636,0.5178365462129636
Papua New Guinea,PNG,Wildfire,8000.0,1,0.16536373821266603,0.16536373821266603
Paraguay,PRY,Flood,2058792.0,23,49.884241844047416,49.884241844047416
Paraguay,PRY,Drought,1791290.0,13,43.40270584538102,43.40270584538102
Paraguay,PRY,Extreme weather,148057.0,9,3.5874003759020474,3.5874003759020474
Paraguay,PRY,Wildfire,129000.0,2,3.1256519346695133,3.1256519346695133
Paraguay,PRY,Extreme temperature,0.0,3,0.0,0.0
Peru,PER,Flood,6830299.0,42,28.092417127398473,28.092417127398473
Peru,PER,Earthquake,6309682.0,45,25.951165342137706,25.951165342137706
Peru,PER,Extreme temperature,5392620.0,12,22.179370251514836,22.179370251514836
Peru,PER,Drought,4226104.0,8,17.38159286903358,17.38159286903358
Peru,PER,Landslide,801484.0,30,3.2964329744475074,3.2964329744475074
Peru,PER,Extreme weather,712561.0,7,2.930700521414389,2.930700521414389
Peru,PER,Volcanic activity,38040.0,6,0.15645516360648892,0.15645516360648892
Peru,PER,Wildfire,2885.0,3,0.011865750447022098,0.011865750447022098
Philippines,PHL,Extreme weather,269563618.0,82,81.27792547555292,81.27792547555292
Philippines,PHL,Flood,39500165.0,50,11.909958365160554,11.909958365160554
Philippines,PHL,Earthquake,9671583.0,31,2.9161435364939514,2.9161435364939514
Philippines,PHL,Drought,6750894.0,13,2.0355071040237984,2.0355071040237984
Philippines,PHL,Landslide,3296651.0,23,0.9939952441835346,0.9939952441835346
Philippines,PHL,Volcanic activity,2873372.0,28,0.866369568016187,0.866369568016187
Philippines,PHL,Wildfire,300.0,1,9.045500213855223e-05,9.045500213855223e-05
Philippines,PHL,Extreme temperature,34.0,1,1.025156690903592e-05,1.025156690903592e-05
Poland,POL,Flood,479277.0,16,86.90694001447007,86.90694001447007
Poland,POL,Extreme weather,71156.0,21,12.902664270702813,12.902664270702813
Poland,POL,Earthquake,1050.0,1,0.19039571482711162,0.19039571482711162
Poland,POL,Drought,0.0,1,0.0,0.0
Poland,POL,Extreme temperature,0.0,22,0.0,0.0
Poland,POL,Wildfire,0.0,2,0.0,0.0
Portugal,PRT,Wildfire,198718.0,17,70.18613357821496,70.18613357821496
Portugal,PRT,Flood,54636.0,11,19.297142655317344,19.297142655317344
Portugal,PRT,Earthquake,24080.0,5,8.50492706530569,8.50492706530569
Portugal,PRT,Extreme weather,5641.0,12,1.9923709956557056,1.9923709956557056
Portugal,PRT,Landslide,55.0,1,0.019425705506304524,0.019425705506304524
Portugal,PRT,Drought,0.0,6,0.0,0.0
Portugal,PRT,Extreme temperature,0.0,9,0.0,0.0
Puerto Rico,PRI,Extreme weather,1042599.0,22,97.37436397462623,97.37436397462623
Puerto Rico,PRI,Flood,22885.0,9,2.137362801575027,2.137362801575027
Puerto Rico,PRI,Earthquake,5228.0,2,0.48827322379874327,0.48827322379874327
Puerto Rico,PRI,Drought,0.0,1,0.0,0.0
Puerto Rico,PRI,Landslide,0.0,2,0.0,0.0
Qatar,QAT,Flood,1500.0,1,100.0,100.0
Reunion,REU,Extreme weather,47835.0,15,97.95228831780484,97.95228831780484
Reunion,REU,Volcanic activity,1000.0,1,2.047711682195147,2.047711682195147
Reunion,REU,Landslide,0.0,1,0.0,0.0
Romania,ROU,Flood,1721378.0,31,80.10843210893471,80.10843210893471
Romania,ROU,Earthquake,392850.0,9,18.282212015022267,18.282212015022267
Romania,ROU,Extreme weather,23993.0,11,1.1165714977126875,1.1165714977126875
Romania,ROU,Extreme temperature,10259.0,19,0.4774270410133981,0.4774270410133981
Romania,ROU,Landslide,330.0,1,0.015357337316933558,0.015357337316933558
Romania,ROU,Drought,0.0,1,0.0,0.0
Russia,RUS,Flood,2443994.0,28,54.85744324631165,54.85744324631165
Russia,RUS,Drought,1000000.0,4,22.445817480039494,22.445817480039494
Russia,RUS,Extreme temperature,759198.0,12,17.040819739211024,17.040819739211024
Russia,RUS,Wildfire,133496.0,17,2.9964268503153524,2.9964268503153524
Russia,RUS,Earthquake,77859.0,10,1.747608903178395,1.747608903178395
Russia,RUS,Extreme weather,35065.0,15,0.7870625899375849,0.7870625899375849
Russia,RUS,Landslide,5561.0,8,0.12482119100649963,0.12482119100649963
Rwanda,RWA,Drought,4156545.0,13,65.7983093508097,65.7983093508097
Rwanda,RWA,Flood,2100372.0,18,33.24899083440186,33.24899083440186
Rwanda,RWA,Landslide,37979.0,4,0.6012094157129062,0.6012094157129062
Rwanda,RWA,Volcanic activity,13365.0,1,0.21156859951560053,0.21156859951560053
Rwanda,RWA,Extreme weather,6553.0,1,0.10373430846432699,0.10373430846432699
Rwanda,RWA,Earthquake,2286.0,2,0.036187491095597664,0.036187491095597664
Saint Barthelemy,BLM,Extreme weather,0.0,1,,
Saint Helena,SHN,Extreme weather,300.0,1,100.0,100.0
Saint Kitts and Nevis,KNA,Extreme weather,14780.0,10,100.0,100.0
Saint Kitts and Nevis,KNA,Flood,0.0,1,0.0,0.0
Saint Lucia,LCA,Extreme weather,289950.0,15,91.29149362895888,91.29149362895888
Saint Lucia,LCA,Flood,27484.0,3,8.65340717674877,8.65340717674877
Saint Lucia,LCA,Landslide,175.0,1,0.05509919429235318,0.05509919429235318
Saint Lucia,LCA,Drought,0.0,1,0.0,0.0
Saint Lucia,LCA,Earthquake,0.0,1,0.0,0.0
Saint Martin (French part),MAF,Extreme weather,110.0,1,100.0,100.0
Saint Vincent and the Grenadines,VCT,Extreme weather,69749.0,13,46.7806409207367,46.7806409207367
Saint Vincent and the Grenadines,VCT,Flood,44049.0,7,29.543655850514426,29.543655850514426
Saint Vincent and the Grenadines,VCT,Volcanic activity,35300.0,4,23.675703228748876,23.675703228748876
Saint Vincent and the Grenadines,VCT,Drought,0.0,1,0.0,0.0
Samoa,WSM,Extreme weather,391707.0,11,98.3469372895697,98.3469372895697
Samoa,WSM,Earthquake,5584.0,1,1.4019900022847616,1.4019900022847616
Samoa,WSM,Wildfire,1000.0,1,0.2510727081455519,0.2510727081455519
Samoa,WSM,Drought,0.0,1,0.0,0.0
Samoa,WSM,Flood,0.0,1,0.0,0.0
Sao Tome and Principe,STP,Flood,219668.0,1,70.25599037957194,70.25599037957194
Sao Tome and Principe,STP,Drought,93000.0,3,29.74400962042806,29.74400962042806
Saudi Arabia,SAU,Flood,34067.0,16,92.1900792899088,92.1900792899088
Saudi Arabia,SAU,Extreme temperature,2764.0,1,7.479771601764404,7.479771601764404
Saudi Arabia,SAU,Extreme weather,122.0,2,0.3301491083267935,0.3301491083267935
Senegal,SEN,Drought,9358702.0,37,86.91224638953045,86.91224638953045
Senegal,SEN,Flood,1312435.0,23,12.188300694930065,12.188300694930065
Senegal,SEN,Extreme weather,96853.0,2,0.8994529155394831,0.8994529155394831
Serbia,SRB,Flood,128280.0,12,51.92176925816793,51.92176925816793
Serbia,SRB,Extreme temperature,91734.0,9,37.129650616844216,37.129650616844216
Serbia,SRB,Earthquake,27030.0,1,10.940485056503578,10.940485056503578
Serbia,SRB,Extreme weather,20.0,1,0.008095068484279376,0.008095068484279376
Seychelles,SYC,Extreme weather,9800.0,2,48.27110629494631,48.27110629494631
Seychelles,SYC,Flood,5672.0,2,27.938134173973005,27.938134173973005
Seychelles,SYC,Earthquake,4830.0,1,23.79075953108068,23.79075953108068
Sierra Leone,SLE,Flood,303546.0,12,91.45045251322593,91.45045251322593
Sierra Leone,SLE,Landslide,11921.0,2,3.5914847977247804,3.5914847977247804
Sierra Leone,SLE,Extreme weather,10020.0,4,3.0187633313650113,3.0187633313650113
Sierra Leone,SLE,Wildfire,6437.0,2,1.939299357684289,1.939299357684289
Sint Maarten (Dutch part),SXM,Extreme weather,5040.0,1,100.0,100.0
Slovakia,SVK,Flood,59245.0,12,85.05125039478595,85.05125039478595
Slovakia,SVK,Extreme weather,10324.0,5,14.82098251457119,14.82098251457119
Slovakia,SVK,Extreme temperature,89.0,9,0.1277670906428551,0.1277670906428551
Slovakia,SVK,Wildfire,0.0,1,0.0,0.0
Slovenia,SVN,Flood,1520020.0,6,96.486049697279,96.486049697279
Slovenia,SVN,Extreme temperature,50000.0,5,3.1738414526545378,3.1738414526545378
Slovenia,SVN,Extreme weather,4053.0,4,0.2572715881521768,0.2572715881521768
Slovenia,SVN,Earthquake,1305.0,2,0.08283726191428344,0.08283726191428344
Solomon Islands,SLB,Extreme weather,496495.0,18,81.25076710333597,81.25076710333597
Solomon Islands,SLB,Flood,90080.0,5,14.741475947730601,14.741475947730601
Solomon Islands,SLB,Earthquake,18110.0,8,2.963678168443619,2.963678168443619
Solomon Islands,SLB,Volcanic activity,6000.0,1,0.981892270053104,0.981892270053104
Solomon Islands,SLB,Drought,380.0,3,0.06218651043669659,0.06218651043669659
Somalia,SOM,Drought,34644642.0,26,76.57419788223795,76.57419788223795
Somalia,SOM,Flood,9969127.0,33,22.034515571301363,22.034515571301363
Somalia,SOM,Extreme weather,524380.0,6,1.15902418288773,1.15902418288773
Somalia,SOM,Earthquake,105083.0,1,0.23226236357296487,0.23226236357296487
South Africa,ZAF,Drought,32925000.0,15,95.47879418156143,95.47879418156143
South Africa,ZAF,Flood,844518.0,35,2.4490071466856156,2.4490071466856156
South Africa,ZAF,Extreme weather,698317.0,25,2.0250407020952297,2.0250407020952297
South Africa,ZAF,Wildfire,13130.0,10,0.03807552217475783,0.03807552217475783
South Africa,ZAF,Earthquake,3112.0,5,0.009024449734032472,0.009024449734032472
South Africa,ZAF,Extreme temperature,20.0,3,5.799774893337064e-05,5.799774893337064e-05
South Africa,ZAF,Landslide,0.0,1,0.0,0.0
South Korea,KOR,Flood,3317990.0,35,42.614328886514286,42.614328886514286
South Korea,KOR,Drought,2800000.0,3,35.96156735922652,35.96156735922652
South Korea,KOR,Extreme weather,1593040.0,45,20.46007688069365,20.46007688069365
South Korea,KOR,Earthquake,34889.0,2,0.44809397271287643,0.44809397271287643
South Korea,KOR,Wildfire,29532.0,7,0.3792917883045277,0.3792917883045277
South Korea,KOR,Landslide,7714.0,9,0.09907411807466907,0.09907411807466907
South Korea,KOR,Extreme temperature,2925.0,5,0.0375669944734777,0.0375669944734777
South Sudan,SSD,Drought,15623670.0,5,68.11179725692514,68.11179725692514
South Sudan,SSD,Flood,7314591.0,11,31.888150428761573,31.888150428761573
South Sudan,SSD,Wildfire,12.0,1,5.231431328766556e-05,5.231431328766556e-05
Spain,ESP,Drought,6026000.0,13,85.20632415873601,85.20632415873601
Spain,ESP,Flood,932262.0,33,13.181981110665708,13.181981110665708
Spain,ESP,Extreme weather,65661.0,26,0.928432202221501,0.928432202221501
Spain,ESP,Wildfire,24932.0,17,0.35253303583232765,0.35253303583232765
Spain,ESP,Earthquake,15390.0,3,0.21761123942962948,0.21761123942962948
Spain,ESP,Volcanic activity,6888.0,1,0.09739481593185757,0.09739481593185757
Spain,ESP,Landslide,929.0,1,0.013135857142958143,0.013135857142958143
Spain,ESP,Extreme temperature,183.0,12,0.002587580040001442,0.002587580040001442
Sri Lanka,LKA,Flood,18237468.0,45,52.17516685425919,52.17516685425919
Sri Lanka,LKA,Drought,10978091.0,16,31.4069765422613,31.4069765422613
Sri Lanka,LKA,Extreme weather,4714508.0,16,13.48763115229262,13.48763115229262
Sri Lanka,LKA,Earthquake,1019306.0,1,2.9161098802502363,2.9161098802502363
Sri Lanka,LKA,Landslide,4934.0,5,0.014115570936651669,0.014115570936651669
Sudan,SDN,Drought,39049300.0,14,80.50750864007433,80.50750864007433
Sudan,SDN,Flood,9430578.0,31,19.442918050154418,19.442918050154418
Sudan,SDN,Extreme weather,16030.0,3,0.03304887318083529,0.03304887318083529
Sudan,SDN,Earthquake,8015.0,2,0.016524436590417645,0.016524436590417645
Sudan,SDN,Extreme temperature,0.0,1,0.0,0.0
Sudan,SDN,Landslide,0.0,1,0.0,0.0
Sudan,SDN,Wildfire,0.0,1,0.0,0.0
Suriname,SUR,Flood,55248.0,5,100.0,100.0
Sweden,SWE,Flood,13736.0,3,99.6373132163064,99.6373132163064
Sweden,SWE,Landslide,50.0,1,0.3626867836936022,0.3626867836936022
Sweden,SWE,Extreme temperature,0.0,4,0.0,0.0
Sweden,SWE,Extreme weather,0.0,7,0.0,0.0
Sweden,SWE,Wildfire,0.0,1,0.0,0.0
Switzerland,CHE,Extreme weather,15307.0,25,59.53946088918277,59.53946088918277
Switzerland,CHE,Flood,6401.0,10,24.897895678556146,24.897895678556146
Switzerland,CHE,Landslide,4001.0,12,15.562643432261074,15.562643432261074
Switzerland,CHE,Extreme temperature,0.0,7,0.0,0.0
Syria,SYR,Drought,23979000.0,9,71.99760830664862,71.99760830664862
Syria,SYR,Earthquake,8012394.0,1,24.05743378833736,24.05743378833736
Syria,SYR,Flood,634554.0,7,1.9052658718635935,1.9052658718635935
Syria,SYR,Extreme weather,419218.0,5,1.2587135976936745,1.2587135976936745
Syria,SYR,Wildfire,260084.0,4,0.7809093773229242,0.7809093773229242
Syria,SYR,Landslide,23.0,1,6.905813382763744e-05,6.905813382763744e-05
Taiwan,TWN,Extreme weather,3474979.0,53,86.03151669157675,86.03151669157675
Taiwan,TWN,Earthquake,489714.0,27,12.124055473457199,12.124055473457199
Taiwan,TWN,Flood,74366.0,9,1.8411103406051657,1.8411103406051657
Taiwan,TWN,Landslide,134.0,1,0.003317494360878522,0.003317494360878522
Taiwan,TWN,Extreme temperature,0.0,1,0.0,0.0
Tajikistan,TJK,Drought,3800000.0,3,55.901680124996155,55.901680124996155
Tajikistan,TJK,Extreme temperature,2002500.0,3,29.45871432902758,29.45871432902758
Tajikistan,TJK,Flood,840448.0,25,12.363804015182307,12.363804015182307
Tajikistan,TJK,Landslide,97384.0,12,1.432612951919112,1.432612951919112
Tajikistan,TJK,Earthquake,54987.0,13,0.8089120223771484,0.8089120223771484
Tajikistan,TJK,Extreme weather,2330.0,2,0.03427655649769501,0.03427655649769501
Tanzania,TZA,Drought,14727483.0,17,69.08376874569296,69.08376874569296
Tanzania,TZA,Flood,4381210.0,38,20.55140708472164,20.55140708472164
Tanzania,TZA,Extreme weather,2054521.0,8,9.637359869786973,9.637359869786973
Tanzania,TZA,Earthquake,148592.0,7,0.6970162766753836,0.6970162766753836
Tanzania,TZA,Landslide,6491.0,3,0.030448023123047775,0.030448023123047775
Tanzania,TZA,Wildfire,0.0,1,0.0,0.0
Thailand,THA,Flood,69149764.0,41,58.21122564595845,58.21122564595845
Thailand,THA,Drought,41982602.0,14,35.34153375023039,35.34153375023039
Thailand,THA,Extreme weather,6528742.0,30,5.495985116395279,5.495985116395279
Thailand,THA,Extreme temperature,1000000.0,3,0.8418138006365208,0.8418138006365208
Thailand,THA,Earthquake,86897.0,5,0.07315109383391173,0.07315109383391173
Thailand,THA,Landslide,43110.0,3,0.03629059294544041,0.03629059294544041
Thailand,THA,Wildfire,0.0,1,0.0,0.0
Togo,TGO,Flood,695956.0,13,55.85651672470707,55.85651672470707
Togo,TGO,Drought,550000.0,3,44.14227939494579,44.14227939494579
Togo,TGO,Extreme weather,15.0,1,0.0012038803471348851,0.0012038803471348851
Tokelau,TKL,Extreme weather,1858.0,6,100.0,100.0
Tonga,TON,Extreme weather,315599.0,14,77.29832201368156,77.29832201368156
Tonga,TON,Volcanic activity,86676.0,2,21.2291843727574,21.2291843727574
Tonga,TON,Earthquake,6012.0,2,1.472493613561049,1.472493613561049
Tonga,TON,Drought,0.0,1,0.0,0.0
Trinidad and Tobago,TTO,Flood,250210.0,4,82.25532320579117,82.25532320579117
Trinidad and Tobago,TTO,Extreme weather,52560.0,6,17.278844921051853,17.278844921051853
Trinidad and Tobago,TTO,Landslide,1200.0,1,0.39449417627972266,0.39449417627972266
Trinidad and Tobago,TTO,Volcanic activity,200.0,1,0.06574902937995378,0.06574902937995378
Trinidad and Tobago,TTO,Earthquake,17.0,1,0.005588667497296071,0.005588667497296071
Trinidad and Tobago,TTO,Drought,0.0,1,0.0,0.0
Tunisia,TUN,Flood,634267.0,15,94.8554362634914,94.8554362634914
Tunisia,TUN,Drought,31400.0,2,4.695909922278204,4.695909922278204
Tunisia,TUN,Wildfire,3000.0,2,0.4486538142304017,0.4486538142304017
Tunisia,TUN,Earthquake,0.0,1,0.0,0.0
Turkey,TUR,Earthquake,23875102.0,61,90.81840671834995,90.81840671834995
Turkey,TUR,Flood,1812335.0,30,6.8939339877961885,6.8939339877961885
Turkey,TUR,Wildfire,563446.0,7,2.1432900262301455,2.1432900262301455
Turkey,TUR,Extreme weather,14763.0,10,0.056156917712142145,0.056156917712142145
Turkey,TUR,Landslide,14740.0,12,0.05606942810248426,0.05606942810248426
Turkey,TUR,Extreme temperature,8450.0,9,0.03214292180909037,0.03214292180909037
Turkmenistan,TKM,Flood,420.0,1,100.0,100.0
Turkmenistan,TKM,Earthquake,0.0,1,0.0,0.0
Turks and Caicos Islands,TCA,Extreme weather,2470.0,5,100.0,100.0
Tuvalu,TUV,Extreme weather,11663.0,7,53.33607719394522,53.33607719394522
Tuvalu,TUV,Drought,10204.0,2,46.663922806054785,46.663922806054785
Uganda,UGA,Drought,5493000.0,16,75.16158097931722,75.16158097931722
Uganda,UGA,Flood,1554261.0,21,21.26719716266058,21.26719716266058
Uganda,UGA,Landslide,184013.0,10,2.517878754914819,2.517878754914819
Uganda,UGA,Earthquake,58100.0,5,0.7949914172398199,0.7949914172398199
Uganda,UGA,Extreme weather,18881.0,5,0.25835168586755664,0.25835168586755664
Ukraine,UKR,Flood,2700614.0,16,92.83034848495785,92.83034848495785
Ukraine,UKR,Extreme temperature,147626.0,6,5.074465667970465,5.074465667970465
Ukraine,UKR,Extreme weather,58985.0,7,2.027538221080554,2.027538221080554
Ukraine,UKR,Wildfire,1968.0,1,0.06764762599112538,0.06764762599112538
Ukraine,UKR,Drought,0.0,1,0.0,0.0
United Arab Emirates,ARE,Flood,534.0,2,100.0,100.0
United Kingdom,GBR,Flood,534063.0,24,60.18316512582883,60.18316512582883
United Kingdom,GBR,Extreme weather,348785.0,32,39.304324112346684,39.304324112346684
United Kingdom,GBR,Earthquake,4501.0,2,0.5072143665285848,0.5072143665285848
United Kingdom,GBR,Extreme temperature,47.0,13,0.0052963952958994635,0.0052963952958994635
United Kingdom,GBR,Drought,0.0,1,0.0,0.0
United Kingdom,GBR,Landslide,0.0,1,0.0,0.0
United States,USA,Extreme weather,102052573.0,101,86.91867934122838,86.91867934122838
United States,USA,Flood,13969430.0,61,11.897832372631466,11.897832372631466
United States,USA,Wildfire,1219708.0,38,1.0388313143455088,1.0388313143455088
United States,USA,Earthquake,163132.0,35,0.13894032831777076,0.13894032831777076
United States,USA,Volcanic activity,5000.0,2,0.004258524640100372,0.004258524640100372
United States,USA,Landslide,1656.0,6,0.001410423360801243,0.001410423360801243
United States,USA,Extreme temperature,56.0,34,4.7695475969124164e-05,4.7695475969124164e-05
United States,USA,Drought,0.0,21,0.0,0.0
United States Virgin Islands,VIR,Extreme weather,20000.0,7,100.0,100.0
Uruguay,URY,Drought,484115.0,8,55.20106544675446,55.20106544675446
Uruguay,URY,Flood,382016.0,19,43.559258064111525,43.559258064111525
Uruguay,URY,Extreme weather,8472.0,9,0.9660172200095096,0.9660172200095096
Uruguay,URY,Extreme temperature,2400.0,4,0.273659269124507,0.273659269124507
Uzbekistan,UZB,Drought,600000.0,2,83.07752379132587,83.07752379132587
Uzbekistan,UZB,Flood,71725.0,3,9.931225656554748,9.931225656554748
Uzbekistan,UZB,Earthquake,50086.0,2,6.93503476102058,6.93503476102058
Uzbekistan,UZB,Landslide,406.0,3,0.05621579109879718,0.05621579109879718
Vanuatu,VUT,Extreme weather,1208965.0,23,89.01524494626902,89.01524494626902
Vanuatu,VUT,Earthquake,95370.0,5,7.022026204667362,7.022026204667362
Vanuatu,VUT,Volcanic activity,46869.0,8,3.4509315947001626,3.4509315947001626
Vanuatu,VUT,Flood,3951.0,2,0.2909093586519948,0.2909093586519948
Vanuatu,VUT,Landslide,3000.0,1,0.2208878957114615,0.2208878957114615
Venezuela,VEN,Flood,2455241.0,26,90.20983209023771,90.20983209023771
Venezuela,VEN,Extreme weather,90725.0,8,3.333394569570489,3.333394569570489
Venezuela,VEN,Earthquake,89115.0,7,3.2742403644780835,3.2742403644780835
Venezuela,VEN,Landslide,86619.0,6,3.182532975713708,3.182532975713708
Venezuela,VEN,Drought,0.0,2,0.0,0.0
Vietnam,VNM,Extreme weather,63843139.0,53,59.98527595487608,59.98527595487608
Vietnam,VNM,Flood,33737345.0,42,31.698691222088225,31.698691222088225
Vietnam,VNM,Drought,8811558.0,12,8.279100095977359,8.279100095977359
Vietnam,VNM,Landslide,39308.0,6,0.03693272705833385,0.03693272705833385
Vietnam,VNM,Extreme temperature,0.0,1,0.0,0.0
Vietnam,VNM,Wildfire,0.0,1,0.0,0.0
Wallis and Futuna,WLF,Extreme weather,5752.0,4,99.65349965349965,99.65349965349965
Wallis and Futuna,WLF,Earthquake,20.0,1,0.3465003465003465,0.3465003465003465
Yemen,YEM,Flood,2760895.0,23,93.84195272102728,93.84195272102728
Yemen,YEM,Extreme weather,141089.0,4,4.7955707361044215,4.7955707361044215
Yemen,YEM,Earthquake,40039.0,1,1.3609130173357593,1.3609130173357593
Yemen,YEM,Landslide,31.0,3,0.001053680250191277,0.001053680250191277
Yemen,YEM,Volcanic activity,15.0,1,0.0005098452823506178,0.0005098452823506178
Zambia,ZMB,Drought,16983204.0,11,73.56303975306194,73.56303975306194
Zambia,ZMB,Flood,6103245.0,20,26.436310519362337,26.436310519362337
Zambia,ZMB,Landslide,150.0,1,0.0006497275757247743,0.0006497275757247743
Zimbabwe,ZWE,Drought,33790118.0,29,97.86996426180237,97.86996426180237
Zimbabwe,ZWE,Extreme weather,391084.0,10,1.1327387818936507,1.1327387818936507
Zimbabwe,ZWE,Flood,344322.0,13,0.9972969563039797,0.9972969563039797
